Number,Category,Team Name,Captain,email,Partner,email
1,MID,Alvarez/Boone,Rosa Alvarez,rosa@example.com,Tim Boone,tim@example.com
2,MID,Castellan/Duval,Marie Castellan,marie@example.com,Paul Duval,paul@example.com
3,FL,Emerson/Fournier,Dana Emerson,dana@example.com,Luc Fournier,luc@example.com
4,GA,Grant/Hollis,Sam Grant,sam@example.com,Avery Hollis,avery@example.com
5,FL,Ibarra/Jensen,Chris Ibarra,chris@example.com,Robin Jensen,robin@example.com
6,TX,Keller/Lambert,Jo Keller,jo@example.com,Rene Lambert,rene@example.com
7,GA,Moreau/Novak,Alex Moreau,alex@example.com,Pat Novak,pat@example.com
8,TX,Ortega/Pruitt,Lee Ortega,lee@example.com,Casey Pruitt,casey@example.com
9,LA,Quinlan/Rivard,Morgan Quinlan,morgan@example.com,Yves Rivard,yves@example.com
10,LA,Sutton/Thibault,Drew Sutton,drew@example.com,Anne Thibault,anne@example.com
11,CA,Uribe/Vance,Nico Uribe,nico@example.com,Blair Vance,blair@example.com
12,CA,Whitmore/Xiong,Jamie Whitmore,jamie@example.com,Kai Xiong,kai@example.com
